timestamp,actual,predicted
2020-11-07 06:00:00,0.0,0.0
2020-11-07 07:00:00,0.0,0.0
2020-11-07 08:00:00,0.0,0.0
2020-11-07 09:00:00,0.294492862618577,0.29477363750059005
2020-11-07 10:00:00,1.2675564207986545,1.2772713948332655
2020-11-07 11:00:00,0.9338280489152636,0.9443060462526046
2020-11-07 12:00:00,1.76982688655825,1.7821137147873733
2020-11-07 13:00:00,1.882958020587703,1.8808816444241487
2020-11-07 14:00:00,0.439137427339383,0.4406346847201224
2020-11-07 15:00:00,0.61337070209979,0.6122920422052368
2020-11-07 16:00:00,0.0,0.0
2020-11-07 17:00:00,0.0,0.0
2020-11-07 18:00:00,0.0,0.0
2020-11-07 19:00:00,0.0,0.0
2020-11-07 20:00:00,0.0,0.0
2020-11-07 21:00:00,0.0,0.0
2020-11-07 22:00:00,0.0,0.0
2020-11-07 23:00:00,0.0,0.0
2020-11-08 00:00:00,0.0,0.0
2020-11-08 01:00:00,0.0,0.0
2020-11-08 02:00:00,0.0,0.0
2020-11-08 03:00:00,0.0,0.0
2020-11-08 04:00:00,0.0,0.0
2020-11-08 05:00:00,0.0,0.0
2020-11-08 06:00:00,0.0,0.0
2020-11-08 07:00:00,0.5688731463783014,0.5585447330920484
2020-11-08 08:00:00,4.906197473352345,4.852340777428777
2020-11-08 09:00:00,9.269990750088969,9.20790950147283
2020-11-08 10:00:00,13.12292373826896,13.042823956827341
2020-11-08 11:00:00,11.68415696398933,11.557142325554455
2020-11-08 12:00:00,6.881401375041014,6.847365451557223
2020-11-08 13:00:00,1.696860632705658,1.6890219255632486
2020-11-08 14:00:00,0.5267301243470996,0.5297820669345713
2020-11-08 15:00:00,0.4853054693649608,0.4849842393792499
2020-11-08 16:00:00,0.0,0.0
2020-11-08 17:00:00,0.0,0.0
2020-11-08 18:00:00,0.0,0.0
2020-11-08 19:00:00,0.0,0.0
2020-11-08 20:00:00,0.0,0.0
2020-11-08 21:00:00,0.0,0.0
2020-11-08 22:00:00,0.0,0.0
2020-11-08 23:00:00,0.0,0.0
2020-11-09 00:00:00,0.0,0.0
2020-11-09 01:00:00,0.0,0.0
2020-11-09 02:00:00,0.0,0.0
2020-11-09 03:00:00,0.0,0.0
2020-11-09 04:00:00,0.0,0.0
2020-11-09 05:00:00,0.0,0.0
2020-11-09 06:00:00,0.0,0.0
2020-11-09 07:00:00,0.1118697579960121,0.1090209191603711
2020-11-09 08:00:00,1.607290862741037,1.6023581829048772
2020-11-09 09:00:00,4.880687135000311,4.836418313936132
2020-11-09 10:00:00,3.185448430494564,3.198947223891459
2020-11-09 11:00:00,2.339663321789142,2.331368686247765
2020-11-09 12:00:00,3.3154622810930787,3.29559691725129
2020-11-09 13:00:00,1.5278539165832108,1.5215983886031768
2020-11-09 14:00:00,0.0,0.0
2020-11-09 15:00:00,0.0,0.0
2020-11-09 16:00:00,0.0,0.0
2020-11-09 17:00:00,0.0,0.0
2020-11-09 18:00:00,0.0,0.0
2020-11-09 19:00:00,0.0,0.0
2020-11-09 20:00:00,0.0,0.0
2020-11-09 21:00:00,0.0,0.0
2020-11-09 22:00:00,0.0,0.0
2020-11-09 23:00:00,0.0,0.0
2020-11-10 00:00:00,0.0,0.0
2020-11-10 01:00:00,0.0,0.0
2020-11-10 02:00:00,0.0,0.0
2020-11-10 03:00:00,0.0,0.0
2020-11-10 04:00:00,0.0,0.0
2020-11-10 05:00:00,0.0,0.0
2020-11-10 06:00:00,0.0,0.0
2020-11-10 07:00:00,0.2503538626876416,0.24352607256999145
2020-11-10 08:00:00,4.382231994124076,4.316682273248619
2020-11-10 09:00:00,9.26925215548506,9.26330737523782
2020-11-10 10:00:00,12.160155565808417,12.02675548516101
2020-11-10 11:00:00,10.529151858148026,10.558695418870204
2020-11-10 12:00:00,7.329921275572226,7.327927244419238
2020-11-10 13:00:00,3.5508118813162675,3.577288575812074
2020-11-10 14:00:00,0.7299228038621753,0.727758627998247
2020-11-10 15:00:00,0.0,0.0
2020-11-10 16:00:00,0.0,0.0
2020-11-10 17:00:00,0.0,0.0
2020-11-10 18:00:00,0.0,0.0
2020-11-10 19:00:00,0.0,0.0
2020-11-10 20:00:00,0.0,0.0
2020-11-10 21:00:00,0.0,0.0
2020-11-10 22:00:00,0.0,0.0
2020-11-10 23:00:00,0.0,0.0
2020-11-11 00:00:00,0.0,0.0
2020-11-11 01:00:00,0.0,0.0
2020-11-11 02:00:00,0.0,0.0
2020-11-11 03:00:00,0.0,0.0
2020-11-11 04:00:00,0.0,0.0
2020-11-11 05:00:00,0.0,0.0
2020-11-11 06:00:00,0.0,0.0
2020-11-11 07:00:00,0.2114117612071849,0.2103310872951834
2020-11-11 08:00:00,4.261774720391131,4.159166850975598
2020-11-11 09:00:00,9.025689697949876,9.067846711724401
2020-11-11 10:00:00,11.937369567052308,11.938073896702033
2020-11-11 11:00:00,12.196151428196462,12.142435363949785
2020-11-11 12:00:00,9.43848388437753,9.432752449389035
2020-11-11 13:00:00,4.789960370154728,4.739501500767916
2020-11-11 14:00:00,0.6316294916351745,0.6247446933149192
2020-11-11 15:00:00,0.0,0.0
2020-11-11 16:00:00,0.0,0.0
2020-11-11 17:00:00,0.0,0.0
2020-11-11 18:00:00,0.0,0.0
2020-11-11 19:00:00,0.0,0.0
2020-11-11 20:00:00,0.0,0.0
2020-11-11 21:00:00,0.0,0.0
2020-11-11 22:00:00,0.0,0.0
2020-11-11 23:00:00,0.0,0.0
2020-11-12 00:00:00,0.0,0.0
2020-11-12 01:00:00,0.0,0.0
2020-11-12 02:00:00,0.0,0.0
2020-11-12 03:00:00,0.0,0.0
2020-11-12 04:00:00,0.0,0.0
2020-11-12 05:00:00,0.0,0.0
2020-11-12 06:00:00,0.0,0.0
2020-11-12 07:00:00,0.1251271006268485,0.12212298816925825
2020-11-12 08:00:00,3.920765401490904,3.908835352352943
2020-11-12 09:00:00,8.332552694436888,8.325907114617742
2020-11-12 10:00:00,10.68174402990162,10.67362712425156
2020-11-12 11:00:00,9.860747511785409,9.821474058326693
2020-11-12 12:00:00,7.354959135303983,7.330139660778849
2020-11-12 13:00:00,3.786523994892825,3.7862120500966876
2020-11-12 14:00:00,0.2853312194904612,0.2831281322667559
2020-11-12 15:00:00,0.0,0.0
2020-11-12 16:00:00,0.0,0.0
2020-11-12 17:00:00,0.0,0.0
2020-11-12 18:00:00,0.0,0.0
2020-11-12 19:00:00,0.0,0.0
2020-11-12 20:00:00,0.0,0.0
2020-11-12 21:00:00,0.0,0.0
2020-11-12 22:00:00,0.0,0.0
2020-11-12 23:00:00,0.0,0.0
2020-11-13 00:00:00,0.0,0.0
2020-11-13 01:00:00,0.0,0.0
2020-11-13 02:00:00,0.0,0.0
2020-11-13 03:00:00,0.0,0.0
2020-11-13 04:00:00,0.0,0.0
2020-11-13 05:00:00,0.0,0.0
2020-11-13 06:00:00,0.0,0.0
2020-11-13 07:00:00,0.0799637944664905,0.08058590394346611
2020-11-13 08:00:00,3.6404144587485394,3.625316901822333
2020-11-13 09:00:00,8.318572692008384,8.295351569926694
2020-11-13 10:00:00,11.567906856575664,11.397950101959701
2020-11-13 11:00:00,11.19552241640912,11.191377983764164
2020-11-13 12:00:00,8.921852857273615,8.960530433199747
2020-11-13 13:00:00,4.231797198190119,4.203281897812252
2020-11-13 14:00:00,0.0,0.0
2020-11-13 15:00:00,0.3087646888376358,0.3065201003720717
2020-11-13 16:00:00,0.0,0.0
2020-11-13 17:00:00,0.0,0.0
2020-11-13 18:00:00,0.0,0.0
2020-11-13 19:00:00,0.0,0.0
2020-11-13 20:00:00,0.0,0.0
2020-11-13 21:00:00,0.0,0.0
2020-11-13 22:00:00,0.0,0.0
2020-11-13 23:00:00,0.0,0.0
2020-11-14 00:00:00,0.0,0.0
2020-11-14 01:00:00,0.0,0.0
2020-11-14 02:00:00,0.0,0.0
2020-11-14 03:00:00,0.0,0.0
2020-11-14 04:00:00,0.0,0.0
2020-11-14 05:00:00,0.0,0.0
2020-11-14 06:00:00,0.0,0.0
2020-11-14 07:00:00,0.0,0.0
2020-11-14 08:00:00,3.2855357518269632,3.268190786100478
2020-11-14 09:00:00,7.814476231332473,7.788174751809149
2020-11-14 10:00:00,10.97819612742996,10.95613912224226
2020-11-14 11:00:00,11.543172715318825,11.380018962837823
2020-11-14 12:00:00,8.329063464223474,8.271925314802061
2020-11-14 13:00:00,3.2675402525201545,3.2476602451649006
2020-11-14 14:00:00,0.0,0.0
2020-11-14 15:00:00,0.0,0.0
2020-11-14 16:00:00,0.0,0.0
2020-11-14 17:00:00,0.0,0.0
2020-11-14 18:00:00,0.0,0.0
2020-11-14 19:00:00,0.0,0.0
2020-11-14 20:00:00,0.0,0.0
2020-11-14 21:00:00,0.0,0.0
2020-11-14 22:00:00,0.0,0.0
2020-11-14 23:00:00,0.0,0.0
2020-11-15 00:00:00,0.0,0.0
2020-11-15 01:00:00,0.0,0.0
2020-11-15 02:00:00,0.0,0.0
2020-11-15 03:00:00,0.0,0.0
2020-11-15 04:00:00,0.0,0.0
2020-11-15 05:00:00,0.0,0.0
2020-11-15 06:00:00,0.0,0.0
2020-11-15 07:00:00,0.0,0.0
2020-11-15 08:00:00,2.4023046271532977,2.3715565395896023
2020-11-15 09:00:00,5.392898302471866,5.446200556443397
2020-11-15 10:00:00,6.29523825840043,6.289673208435223
2020-11-15 11:00:00,1.7955339830343358,1.8163963866689452
2020-11-15 12:00:00,7.98156052321036,8.064926614580626
2020-11-15 13:00:00,3.5161711641610918,3.545135089943359
2020-11-15 14:00:00,0.0,0.0
2020-11-15 15:00:00,0.137153600794882,0.13814379836469137
2020-11-15 16:00:00,0.0,0.0
2020-11-15 17:00:00,0.0,0.0
2020-11-15 18:00:00,0.0,0.0
2020-11-15 19:00:00,0.0,0.0
2020-11-15 20:00:00,0.0,0.0
2020-11-15 21:00:00,0.0,0.0
2020-11-15 22:00:00,0.0,0.0
2020-11-15 23:00:00,0.0,0.0
2020-11-16 00:00:00,0.0,0.0
2020-11-16 01:00:00,0.0,0.0
2020-11-16 02:00:00,0.0,0.0
2020-11-16 03:00:00,0.0,0.0
2020-11-16 04:00:00,0.0,0.0
2020-11-16 05:00:00,0.0,0.0
2020-11-16 06:00:00,0.0,0.0
2020-11-16 07:00:00,0.0,0.0
2020-11-16 08:00:00,0.0,0.0
2020-11-16 09:00:00,0.4717995855932932,0.48247056838985636
2020-11-16 10:00:00,4.509254636767962,4.561036472831346
2020-11-16 11:00:00,8.682740080639611,8.625803321745101
2020-11-16 12:00:00,6.650541615023192,6.642550295717515
2020-11-16 13:00:00,1.8828485994800963,1.9188389316276726
2020-11-16 14:00:00,0.2408815753950554,0.23788218265191222
2020-11-16 15:00:00,0.0,0.0
2020-11-16 16:00:00,0.0,0.0
2020-11-16 17:00:00,0.0,0.0
2020-11-16 18:00:00,0.0,0.0
2020-11-16 19:00:00,0.0,0.0
2020-11-16 20:00:00,0.0,0.0
2020-11-16 21:00:00,0.0,0.0
2020-11-16 22:00:00,0.0,0.0
2020-11-16 23:00:00,0.0,0.0
2020-11-17 00:00:00,0.0,0.0
2020-11-17 01:00:00,0.0,0.0
2020-11-17 02:00:00,0.0,0.0
2020-11-17 03:00:00,0.0,0.0
2020-11-17 04:00:00,0.0,0.0
2020-11-17 05:00:00,0.0,0.0
2020-11-17 06:00:00,0.0,0.0
2020-11-17 07:00:00,0.0,0.0
2020-11-17 08:00:00,1.301040701634546,1.30856406873814
2020-11-17 09:00:00,1.916674943823284,1.9043269402930778
2020-11-17 10:00:00,1.435430203778458,1.4373393261793004
2020-11-17 11:00:00,0.5654107595466926,0.5654193489138961
2020-11-17 12:00:00,1.2609657595089856,1.2613008413802336
2020-11-17 13:00:00,0.0,0.0
2020-11-17 14:00:00,0.0,0.0
2020-11-17 15:00:00,0.5774669504906564,0.5715188197788535
2020-11-17 16:00:00,0.0,0.0
2020-11-17 17:00:00,0.0,0.0
2020-11-17 18:00:00,0.0,0.0
2020-11-17 19:00:00,0.0,0.0
2020-11-17 20:00:00,0.0,0.0
2020-11-17 21:00:00,0.0,0.0
2020-11-17 22:00:00,0.0,0.0
2020-11-17 23:00:00,0.0,0.0
2020-11-18 00:00:00,0.0,0.0
2020-11-18 01:00:00,0.0,0.0
2020-11-18 02:00:00,0.0,0.0
2020-11-18 03:00:00,0.0,0.0
2020-11-18 04:00:00,0.0,0.0
2020-11-18 05:00:00,0.0,0.0
2020-11-18 06:00:00,0.0,0.0
2020-11-18 07:00:00,0.0,0.0
2020-11-18 08:00:00,0.8686512409609901,0.8657118111134777
2020-11-18 09:00:00,1.969660041236901,1.96043479198256
2020-11-18 10:00:00,1.6663612801909269,1.6516585251047817
2020-11-18 11:00:00,1.3402477633398504,1.3436295546628216
2020-11-18 12:00:00,0.3194694137083888,0.32225270044026366
2020-11-18 13:00:00,0.0569121998719424,0.0569165188025389
2020-11-18 14:00:00,0.080588211793304,0.08072481549751245
2020-11-18 15:00:00,0.0,0.0
2020-11-18 16:00:00,0.0,0.0
2020-11-18 17:00:00,0.0,0.0
2020-11-18 18:00:00,0.0,0.0
2020-11-18 19:00:00,0.0,0.0
2020-11-18 20:00:00,0.0,0.0
2020-11-18 21:00:00,0.0,0.0
2020-11-18 22:00:00,0.0,0.0
2020-11-18 23:00:00,0.0,0.0
2020-11-19 00:00:00,0.0,0.0
2020-11-19 01:00:00,0.0,0.0
2020-11-19 02:00:00,0.0,0.0
2020-11-19 03:00:00,0.0,0.0
2020-11-19 04:00:00,0.0,0.0
2020-11-19 05:00:00,0.0,0.0
2020-11-19 06:00:00,0.0,0.0
2020-11-19 07:00:00,0.0,0.0
2020-11-19 08:00:00,0.1563319333929508,0.15100241574074721
2020-11-19 09:00:00,1.8668311351939948,1.8338013898722543
2020-11-19 10:00:00,3.3428278865932293,3.2764584052733556
2020-11-19 11:00:00,1.4746566982937714,1.446076489811052
2020-11-19 12:00:00,1.32207889839988,1.3012362522204857
2020-11-19 13:00:00,1.1456404655545156,1.1096512957376377
2020-11-19 14:00:00,0.0,0.0
2020-11-19 15:00:00,0.0775500249058049,0.07446487358056308
2020-11-19 16:00:00,0.0,0.0
2020-11-19 17:00:00,0.0,0.0
2020-11-19 18:00:00,0.0,0.0
2020-11-19 19:00:00,0.0,0.0
2020-11-19 20:00:00,0.0,0.0
2020-11-19 21:00:00,0.0,0.0
2020-11-19 22:00:00,0.0,0.0
2020-11-19 23:00:00,0.0,0.0
2020-11-20 00:00:00,0.0,0.0
2020-11-20 01:00:00,0.0,0.0
2020-11-20 02:00:00,0.0,0.0
2020-11-20 03:00:00,0.0,0.0
2020-11-20 04:00:00,0.0,0.0
2020-11-20 05:00:00,0.0,0.0
2020-11-20 06:00:00,0.0,0.0
2020-11-20 07:00:00,0.0,0.0
2020-11-20 08:00:00,0.3251193369085736,0.32524010641892864
2020-11-20 09:00:00,3.5175819788979474,3.491396561086148
2020-11-20 10:00:00,2.392458173449023,2.367230138175183
2020-11-20 11:00:00,1.995415946082864,1.9932984030396668
2020-11-20 12:00:00,2.383599441593416,2.365302543754367
2020-11-20 13:00:00,1.8423549471534808,1.8249685523439068
2020-11-20 14:00:00,0.0,0.0
2020-11-20 15:00:00,0.0,0.0
2020-11-20 16:00:00,0.0,0.0
2020-11-20 17:00:00,0.0,0.0
2020-11-20 18:00:00,0.0,0.0
2020-11-20 19:00:00,0.0,0.0
2020-11-20 20:00:00,0.0,0.0
2020-11-20 21:00:00,0.0,0.0
2020-11-20 22:00:00,0.0,0.0
2020-11-20 23:00:00,0.0,0.0
2020-11-21 00:00:00,0.0,0.0
2020-11-21 01:00:00,0.0,0.0
2020-11-21 02:00:00,0.0,0.0
2020-11-21 03:00:00,0.0,0.0
2020-11-21 04:00:00,0.0,0.0
2020-11-21 05:00:00,0.0,0.0
2020-11-21 06:00:00,0.0,0.0
2020-11-21 07:00:00,0.0,0.0
2020-11-21 08:00:00,1.2053222780619144,1.1847807459402127
2020-11-21 09:00:00,4.161801582932938,4.157426355594768
2020-11-21 10:00:00,8.336276764274663,8.32587743714384
2020-11-21 11:00:00,8.628684570378685,8.51580439458714
2020-11-21 12:00:00,6.326207669519767,6.3421340117630765
2020-11-21 13:00:00,1.0044101211918148,0.9842928056672582
2020-11-21 14:00:00,0.0,0.0
2020-11-21 15:00:00,0.0,0.0
2020-11-21 16:00:00,0.0,0.0
2020-11-21 17:00:00,0.0,0.0
2020-11-21 18:00:00,0.0,0.0
2020-11-21 19:00:00,0.0,0.0
2020-11-21 20:00:00,0.0,0.0
2020-11-21 21:00:00,0.0,0.0
2020-11-21 22:00:00,0.0,0.0
2020-11-21 23:00:00,0.0,0.0
2020-11-22 00:00:00,0.0,0.0
2020-11-22 01:00:00,0.0,0.0
2020-11-22 02:00:00,0.0,0.0
2020-11-22 03:00:00,0.0,0.0
2020-11-22 04:00:00,0.0,0.0
2020-11-22 05:00:00,0.0,0.0
2020-11-22 06:00:00,0.0,0.0
2020-11-22 07:00:00,0.0,0.0
2020-11-22 08:00:00,0.4605860178837332,0.4501888463233004
2020-11-22 09:00:00,1.938056744115364,1.9274875498208874
2020-11-22 10:00:00,2.8871710372678643,2.873234550862575
2020-11-22 11:00:00,4.339569964815362,4.300017284111866
2020-11-22 12:00:00,4.271564624724138,4.213648535163137
2020-11-22 13:00:00,1.5764530676516857,1.5797725855890528
2020-11-22 14:00:00,0.0736795481401481,0.07124875866770392
2020-11-22 15:00:00,0.0,0.0
2020-11-22 16:00:00,0.0,0.0
2020-11-22 17:00:00,0.0,0.0
2020-11-22 18:00:00,0.0,0.0
2020-11-22 19:00:00,0.0,0.0
2020-11-22 20:00:00,0.0,0.0
2020-11-22 21:00:00,0.0,0.0
2020-11-22 22:00:00,0.0,0.0
2020-11-22 23:00:00,0.0,0.0
2020-11-23 00:00:00,0.0,0.0
2020-11-23 01:00:00,0.0,0.0
2020-11-23 02:00:00,0.0,0.0
2020-11-23 03:00:00,0.0,0.0
2020-11-23 04:00:00,0.0,0.0
2020-11-23 05:00:00,0.0,0.0
2020-11-23 06:00:00,0.0,0.0
2020-11-23 07:00:00,0.0,0.0
2020-11-23 08:00:00,0.3767850819973666,0.37590808162246836
2020-11-23 09:00:00,2.7431228719413343,2.6942217367243098
2020-11-23 10:00:00,1.3788151175494143,1.3614073971374454
2020-11-23 11:00:00,5.651453467270504,5.619042219836583
2020-11-23 12:00:00,2.3714612054323334,2.358691327427492
2020-11-23 13:00:00,0.4882332379986605,0.4859596283616192
2020-11-23 14:00:00,0.0,0.0
2020-11-23 15:00:00,0.0,0.0
2020-11-23 16:00:00,0.0,0.0
2020-11-23 17:00:00,0.0,0.0
2020-11-23 18:00:00,0.0,0.0
2020-11-23 19:00:00,0.0,0.0
2020-11-23 20:00:00,0.0,0.0
2020-11-23 21:00:00,0.0,0.0
2020-11-23 22:00:00,0.0,0.0
2020-11-23 23:00:00,0.0,0.0
2020-11-24 00:00:00,0.0,0.0
2020-11-24 01:00:00,0.0,0.0
2020-11-24 02:00:00,0.0,0.0
2020-11-24 03:00:00,0.0,0.0
2020-11-24 04:00:00,0.0,0.0
2020-11-24 05:00:00,0.0,0.0
2020-11-24 06:00:00,0.0,0.0
2020-11-24 07:00:00,0.0,0.0
2020-11-24 08:00:00,0.6373642266153169,0.6273396997670446
2020-11-24 09:00:00,3.9498041482921153,3.919531435369697
2020-11-24 10:00:00,2.191976582112308,2.1865511034297325
2020-11-24 11:00:00,8.116011252191942,8.04416187423993
2020-11-24 12:00:00,5.026785182973459,5.023623216040312
2020-11-24 13:00:00,0.9171242428073902,0.9059865545889236
2020-11-24 14:00:00,0.196952304776648,0.19344074896716962
2020-11-24 15:00:00,0.0,0.0
2020-11-24 16:00:00,0.0,0.0
2020-11-24 17:00:00,0.0,0.0
2020-11-24 18:00:00,0.0,0.0
2020-11-24 19:00:00,0.0,0.0
2020-11-24 20:00:00,0.0,0.0
2020-11-24 21:00:00,0.0,0.0
2020-11-24 22:00:00,0.0,0.0
2020-11-24 23:00:00,0.0,0.0
2020-11-25 00:00:00,0.0,0.0
2020-11-25 01:00:00,0.0,0.0
2020-11-25 02:00:00,0.0,0.0
2020-11-25 03:00:00,0.0,0.0
2020-11-25 04:00:00,0.0,0.0
2020-11-25 05:00:00,0.0,0.0
2020-11-25 06:00:00,0.0,0.0
2020-11-25 07:00:00,0.0,0.0
2020-11-25 08:00:00,0.0,0.0
2020-11-25 09:00:00,0.385791779148405,0.3837751510273105
2020-11-25 10:00:00,0.5062465475282164,0.5034373426155081
2020-11-25 11:00:00,1.0748886378825648,1.0680433952114585
2020-11-25 12:00:00,0.9535514705689582,0.9635910940931
2020-11-25 13:00:00,0.1978258314967442,0.19870469170369978
2020-11-25 14:00:00,0.0,0.0
2020-11-25 15:00:00,0.1919480218239168,0.19026058146794417
2020-11-25 16:00:00,0.0,0.0
2020-11-25 17:00:00,0.0,0.0
2020-11-25 18:00:00,0.0,0.0
2020-11-25 19:00:00,0.0,0.0
2020-11-25 20:00:00,0.0,0.0
2020-11-25 21:00:00,0.0,0.0
2020-11-25 22:00:00,0.0,0.0
2020-11-25 23:00:00,0.0,0.0
2020-11-26 00:00:00,0.0,0.0
2020-11-26 01:00:00,0.0,0.0
2020-11-26 02:00:00,0.0,0.0
2020-11-26 03:00:00,0.0,0.0
2020-11-26 04:00:00,0.0,0.0
2020-11-26 05:00:00,0.0,0.0
2020-11-26 06:00:00,0.0,0.0
2020-11-26 07:00:00,0.0,0.0
2020-11-26 08:00:00,0.0,0.0
2020-11-26 09:00:00,2.405912495683643,2.3794165953200395
2020-11-26 10:00:00,3.525314260517084,3.502187983305118
2020-11-26 11:00:00,1.7735944621214446,1.7748350141582352
2020-11-26 12:00:00,3.064062622671192,3.056064283565277
2020-11-26 13:00:00,0.4441460099477831,0.4408917160518606
2020-11-26 14:00:00,0.1818292183836358,0.18244153114558656
2020-11-26 15:00:00,0.0,0.0
2020-11-26 16:00:00,0.0,0.0
2020-11-26 17:00:00,0.0,0.0
2020-11-26 18:00:00,0.0,0.0
2020-11-26 19:00:00,0.0,0.0
2020-11-26 20:00:00,0.0,0.0
2020-11-26 21:00:00,0.0,0.0
2020-11-26 22:00:00,0.0,0.0
2020-11-26 23:00:00,0.0,0.0
2020-11-27 00:00:00,0.0,0.0
2020-11-27 01:00:00,0.0,0.0
2020-11-27 02:00:00,0.0,0.0
2020-11-27 03:00:00,0.0,0.0
2020-11-27 04:00:00,0.0,0.0
2020-11-27 05:00:00,0.0,0.0
2020-11-27 06:00:00,0.0,0.0
2020-11-27 07:00:00,0.0,0.0
2020-11-27 08:00:00,0.1964984693134189,0.19292037138074072
2020-11-27 09:00:00,1.5015340054776498,1.4790744250327246
2020-11-27 10:00:00,4.107707291911137,4.033226617259058
2020-11-27 11:00:00,2.922898160232518,2.877047034525896
2020-11-27 12:00:00,3.2043280990818976,3.14698105107784
2020-11-27 13:00:00,1.126415316816051,1.1069385552984965
2020-11-27 14:00:00,0.0,0.0
2020-11-27 15:00:00,0.0,0.0
2020-11-27 16:00:00,0.0,0.0
2020-11-27 17:00:00,0.0,0.0
2020-11-27 18:00:00,0.0,0.0
2020-11-27 19:00:00,0.0,0.0
2020-11-27 20:00:00,0.0,0.0
2020-11-27 21:00:00,0.0,0.0
2020-11-27 22:00:00,0.0,0.0
2020-11-27 23:00:00,0.0,0.0
2020-11-28 00:00:00,0.0,0.0
2020-11-28 01:00:00,0.0,0.0
2020-11-28 02:00:00,0.0,0.0
2020-11-28 03:00:00,0.0,0.0
2020-11-28 04:00:00,0.0,0.0
2020-11-28 05:00:00,0.0,0.0
2020-11-28 06:00:00,0.0,0.0
2020-11-28 07:00:00,0.0,0.0
2020-11-28 08:00:00,0.2746433341429194,0.2625486605139428
2020-11-28 09:00:00,3.5552721864023717,3.4787516777602865
2020-11-28 10:00:00,6.192209002183562,6.139003232987977
2020-11-28 11:00:00,6.723919417052088,6.627402940676955
2020-11-28 12:00:00,4.372535616961231,4.235228330601236
2020-11-28 13:00:00,0.9832802109190008,0.9701844159469583
2020-11-28 14:00:00,0.0,0.0
2020-11-28 15:00:00,0.0,0.0
2020-11-28 16:00:00,0.0,0.0
2020-11-28 17:00:00,0.0,0.0
2020-11-28 18:00:00,0.0,0.0
2020-11-28 19:00:00,0.0,0.0
2020-11-28 20:00:00,0.0,0.0
2020-11-28 21:00:00,0.0,0.0
2020-11-28 22:00:00,0.0,0.0
2020-11-28 23:00:00,0.0,0.0
2020-11-29 00:00:00,0.0,0.0
2020-11-29 01:00:00,0.0,0.0
2020-11-29 02:00:00,0.0,0.0
2020-11-29 03:00:00,0.0,0.0
2020-11-29 04:00:00,0.0,0.0
2020-11-29 05:00:00,0.0,0.0
2020-11-29 06:00:00,0.0,0.0
2020-11-29 07:00:00,0.0,0.0
2020-11-29 08:00:00,0.2043257661460411,0.1986046381023357
2020-11-29 09:00:00,3.3580849265614945,3.2699832197500007
2020-11-29 10:00:00,5.5649812593242345,5.448171546798963
2020-11-29 11:00:00,6.768176980710448,6.654164601065084
2020-11-29 12:00:00,3.992581481276068,3.89672506536244
2020-11-29 13:00:00,0.7653243564495836,0.7624046998346254
2020-11-29 14:00:00,0.1396168161035863,0.13283603906463945
2020-11-29 15:00:00,0.0,0.0
2020-11-29 16:00:00,0.0,0.0
2020-11-29 17:00:00,0.0,0.0
2020-11-29 18:00:00,0.0,0.0
2020-11-29 19:00:00,0.0,0.0
2020-11-29 20:00:00,0.0,0.0
2020-11-29 21:00:00,0.0,0.0
2020-11-29 22:00:00,0.0,0.0
2020-11-29 23:00:00,0.0,0.0
2020-11-30 00:00:00,0.0,0.0
2020-11-30 01:00:00,0.0,0.0
2020-11-30 02:00:00,0.0,0.0
2020-11-30 03:00:00,0.0,0.0
2020-11-30 04:00:00,0.0,0.0
2020-11-30 05:00:00,0.0,0.0
2020-11-30 06:00:00,0.0,0.0
2020-11-30 07:00:00,0.0,0.0
2020-11-30 08:00:00,0.0,0.0
2020-11-30 09:00:00,0.6054455193729469,0.5915703206842292
2020-11-30 10:00:00,0.593889061674924,0.5879494816883254
2020-11-30 11:00:00,1.50011688009452,1.470803451215796
2020-11-30 12:00:00,0.5186472775314824,0.5141162883617961
2020-11-30 13:00:00,0.0,0.0
2020-11-30 14:00:00,0.0,0.0
2020-11-30 15:00:00,0.127241514042105,0.12117613068788952
2020-11-30 16:00:00,0.0,0.0
2020-11-30 17:00:00,0.0,0.0
2020-11-30 18:00:00,0.0,0.0
2020-11-30 19:00:00,0.0,0.0
2020-11-30 20:00:00,0.0,0.0
2020-11-30 21:00:00,0.0,0.0
2020-11-30 22:00:00,0.0,0.0
2020-11-30 23:00:00,0.0,0.0
2020-12-01 00:00:00,0.0,0.0
2020-12-01 01:00:00,0.0,0.0
2020-12-01 02:00:00,0.0,0.0
2020-12-01 03:00:00,0.0,0.0
2020-12-01 04:00:00,0.0,0.0
2020-12-01 05:00:00,0.0,0.0
2020-12-01 06:00:00,0.0,0.0
2020-12-01 07:00:00,0.0,0.0
2020-12-01 08:00:00,0.0,0.0
2020-12-01 09:00:00,0.5047509350135232,0.4899495711188458
2020-12-01 10:00:00,1.2547179987431385,1.240947789005151
2020-12-01 11:00:00,3.0036446573897018,2.961478541305372
2020-12-01 12:00:00,3.78632291331746,3.7153517284852664
2020-12-01 13:00:00,0.3584303083987454,0.3514583196553602
2020-12-01 14:00:00,0.2384682526300894,0.22929852472137557
2020-12-01 15:00:00,0.0,0.0
2020-12-01 16:00:00,0.0,0.0
2020-12-01 17:00:00,0.0,0.0
2020-12-01 18:00:00,0.0,0.0
2020-12-01 19:00:00,0.0,0.0
2020-12-01 20:00:00,0.0,0.0
2020-12-01 21:00:00,0.0,0.0
2020-12-01 22:00:00,0.0,0.0
2020-12-01 23:00:00,0.0,0.0
2020-12-02 00:00:00,0.0,0.0
2020-12-02 01:00:00,0.0,0.0
2020-12-02 02:00:00,0.0,0.0
2020-12-02 03:00:00,0.0,0.0
2020-12-02 04:00:00,0.0,0.0
2020-12-02 05:00:00,0.0,0.0
2020-12-02 06:00:00,0.0,0.0
2020-12-02 07:00:00,0.0,0.0
2020-12-02 08:00:00,0.0,0.0
2020-12-02 09:00:00,2.262745568975958,2.2152739211471992
2020-12-02 10:00:00,4.805811015414481,4.780623287658441
2020-12-02 11:00:00,5.349814288418366,5.313847678144032
2020-12-02 12:00:00,3.380814388991765,3.2930288585481673
2020-12-02 13:00:00,0.4459014310867651,0.4401141861298123
2020-12-02 14:00:00,0.0,0.0
2020-12-02 15:00:00,0.0,0.0
2020-12-02 16:00:00,0.0,0.0
2020-12-02 17:00:00,0.0,0.0
2020-12-02 18:00:00,0.0,0.0
2020-12-02 19:00:00,0.0,0.0
2020-12-02 20:00:00,0.0,0.0
2020-12-02 21:00:00,0.0,0.0
2020-12-02 22:00:00,0.0,0.0
2020-12-02 23:00:00,0.0,0.0
2020-12-03 00:00:00,0.0,0.0
2020-12-03 01:00:00,0.0,0.0
2020-12-03 02:00:00,0.0,0.0
2020-12-03 03:00:00,0.0,0.0
2020-12-03 04:00:00,0.0,0.0
2020-12-03 05:00:00,0.0,0.0
2020-12-03 06:00:00,0.0,0.0
2020-12-03 07:00:00,0.0,0.0
2020-12-03 08:00:00,0.0,0.0
2020-12-03 09:00:00,2.343843164106145,2.3390964996199903
2020-12-03 10:00:00,4.99887810930492,5.010591256792676
2020-12-03 11:00:00,5.40542018663946,5.375610522153153
2020-12-03 12:00:00,3.33724438528752,3.2859193343100976
2020-12-03 13:00:00,0.449607819303818,0.45226555937014185
2020-12-03 14:00:00,0.0,0.0
2020-12-03 15:00:00,0.0,0.0
2020-12-03 16:00:00,0.0,0.0
2020-12-03 17:00:00,0.0,0.0
2020-12-03 18:00:00,0.0,0.0
2020-12-03 19:00:00,0.0,0.0
2020-12-03 20:00:00,0.0,0.0
2020-12-03 21:00:00,0.0,0.0
2020-12-03 22:00:00,0.0,0.0
2020-12-03 23:00:00,0.0,0.0
2020-12-04 00:00:00,0.0,0.0
2020-12-04 01:00:00,0.0,0.0
2020-12-04 02:00:00,0.0,0.0
2020-12-04 03:00:00,0.0,0.0
2020-12-04 04:00:00,0.0,0.0
2020-12-04 05:00:00,0.0,0.0
2020-12-04 06:00:00,0.0,0.0
2020-12-04 07:00:00,0.0,0.0
2020-12-04 08:00:00,0.0,0.0
2020-12-04 09:00:00,2.131305236920204,2.085776611112573
2020-12-04 10:00:00,4.711932182083177,4.638309207622895
2020-12-04 11:00:00,5.14799148583174,5.0795192567677825
2020-12-04 12:00:00,2.8771673220800773,2.861033243171485
2020-12-04 13:00:00,0.5191851362940753,0.5147799783590802
2020-12-04 14:00:00,0.0,0.0
2020-12-04 15:00:00,0.0,0.0
2020-12-04 16:00:00,0.0,0.0
2020-12-04 17:00:00,0.0,0.0
2020-12-04 18:00:00,0.0,0.0
2020-12-04 19:00:00,0.0,0.0
2020-12-04 20:00:00,0.0,0.0
2020-12-04 21:00:00,0.0,0.0
2020-12-04 22:00:00,0.0,0.0
2020-12-04 23:00:00,0.0,0.0
2020-12-05 00:00:00,0.0,0.0
2020-12-05 01:00:00,0.0,0.0
2020-12-05 02:00:00,0.0,0.0
2020-12-05 03:00:00,0.0,0.0
2020-12-05 04:00:00,0.0,0.0
2020-12-05 05:00:00,0.0,0.0
2020-12-05 06:00:00,0.0,0.0
2020-12-05 07:00:00,0.0,0.0
2020-12-05 08:00:00,0.0,0.0
2020-12-05 09:00:00,1.0747906660590685,1.0572740803275147
2020-12-05 10:00:00,2.69594161273077,2.6556769853043702
2020-12-05 11:00:00,3.5520215441017102,3.516666202400633
2020-12-05 12:00:00,1.9373499224901256,1.8973319795553234
2020-12-05 13:00:00,0.2949290803631115,0.287180981300792
2020-12-05 14:00:00,0.0,0.0
2020-12-05 15:00:00,0.0,0.0
2020-12-05 16:00:00,0.0,0.0
2020-12-05 17:00:00,0.0,0.0
2020-12-05 18:00:00,0.0,0.0
2020-12-05 19:00:00,0.0,0.0
2020-12-05 20:00:00,0.0,0.0
2020-12-05 21:00:00,0.0,0.0
2020-12-05 22:00:00,0.0,0.0
2020-12-05 23:00:00,0.0,0.0
2020-12-06 00:00:00,0.0,0.0
2020-12-06 01:00:00,0.0,0.0
2020-12-06 02:00:00,0.0,0.0
2020-12-06 03:00:00,0.0,0.0
2020-12-06 04:00:00,0.0,0.0
2020-12-06 05:00:00,0.0,0.0
2020-12-06 06:00:00,0.0,0.0
2020-12-06 07:00:00,0.0,0.0
2020-12-06 08:00:00,0.0,0.0
2020-12-06 09:00:00,1.8635799168945997,1.8399385700746584
2020-12-06 10:00:00,4.426240169287879,4.338283921915534
2020-12-06 11:00:00,4.819795779804575,4.7787056471454585
2020-12-06 12:00:00,2.503541398774484,2.455001733750206
2020-12-06 13:00:00,0.2677981966794773,0.2595294983676036
2020-12-06 14:00:00,0.086609374777509,0.08504312154786765
2020-12-06 15:00:00,0.0,0.0
2020-12-06 16:00:00,0.0,0.0
2020-12-06 17:00:00,0.0,0.0
2020-12-06 18:00:00,0.0,0.0
2020-12-06 19:00:00,0.0,0.0
2020-12-06 20:00:00,0.0,0.0
2020-12-06 21:00:00,0.0,0.0
2020-12-06 22:00:00,0.0,0.0
2020-12-06 23:00:00,0.0,0.0
2020-12-07 00:00:00,0.0,0.0
2020-12-07 01:00:00,0.0,0.0
2020-12-07 02:00:00,0.0,0.0
2020-12-07 03:00:00,0.0,0.0
2020-12-07 04:00:00,0.0,0.0
2020-12-07 05:00:00,0.0,0.0
2020-12-07 06:00:00,0.0,0.0
2020-12-07 07:00:00,0.0,0.0
2020-12-07 08:00:00,0.0,0.0
2020-12-07 09:00:00,0.2478193343519031,0.23675888401647568
2020-12-07 10:00:00,1.8406865955875296,1.8200143491608745
2020-12-07 11:00:00,2.212242103488627,2.1820778054647065
2020-12-07 12:00:00,2.398993800704859,2.3683564775462735
2020-12-07 13:00:00,0.2173518792000186,0.2137437776340675
2020-12-07 14:00:00,0.1288187154914983,0.12956539577472007
2020-12-07 15:00:00,0.0,0.0
2020-12-07 16:00:00,0.0,0.0
2020-12-07 17:00:00,0.0,0.0
2020-12-07 18:00:00,0.0,0.0
2020-12-07 19:00:00,0.0,0.0
2020-12-07 20:00:00,0.0,0.0
2020-12-07 21:00:00,0.0,0.0
2020-12-07 22:00:00,0.0,0.0
2020-12-07 23:00:00,0.0,0.0
2020-12-08 00:00:00,0.0,0.0
2020-12-08 01:00:00,0.0,0.0
2020-12-08 02:00:00,0.0,0.0
2020-12-08 03:00:00,0.0,0.0
2020-12-08 04:00:00,0.0,0.0
2020-12-08 05:00:00,0.0,0.0
2020-12-08 06:00:00,0.0,0.0
2020-12-08 07:00:00,0.0,0.0
2020-12-08 08:00:00,0.0,0.0
2020-12-08 09:00:00,1.3723590727078343,1.359703455091746
2020-12-08 10:00:00,3.8578673818650415,3.8298628933079844
2020-12-08 11:00:00,4.524048085909171,4.506728053120463
2020-12-08 12:00:00,2.5406158521058546,2.532978859192648
2020-12-08 13:00:00,0.3255558858636859,0.32575056688149323
2020-12-08 14:00:00,0.0,0.0
2020-12-08 15:00:00,0.0,0.0
2020-12-08 16:00:00,0.0,0.0
2020-12-08 17:00:00,0.0,0.0
2020-12-08 18:00:00,0.0,0.0
2020-12-08 19:00:00,0.0,0.0
2020-12-08 20:00:00,0.0,0.0
2020-12-08 21:00:00,0.0,0.0
2020-12-08 22:00:00,0.0,0.0
2020-12-08 23:00:00,0.0,0.0
2020-12-09 00:00:00,0.0,0.0
2020-12-09 01:00:00,0.0,0.0
2020-12-09 02:00:00,0.0,0.0
2020-12-09 03:00:00,0.0,0.0
2020-12-09 04:00:00,0.0,0.0
2020-12-09 05:00:00,0.0,0.0
2020-12-09 06:00:00,0.0,0.0
2020-12-09 07:00:00,0.0,0.0
2020-12-09 08:00:00,0.0,0.0
2020-12-09 09:00:00,0.688126204821209,0.6889734888954412
2020-12-09 10:00:00,1.9062757701516664,1.8728217995557852
2020-12-09 11:00:00,2.2252921272071675,2.1872765646276293
2020-12-09 12:00:00,2.50118944314903,2.4774252829422143
2020-12-09 13:00:00,0.1825234550288147,0.1829569512494149
2020-12-09 14:00:00,0.0,0.0
2020-12-09 15:00:00,0.2001625082042972,0.1993530700598204
2020-12-09 16:00:00,0.0,0.0
2020-12-09 17:00:00,0.0,0.0
2020-12-09 18:00:00,0.0,0.0
2020-12-09 19:00:00,0.0,0.0
2020-12-09 20:00:00,0.0,0.0
2020-12-09 21:00:00,0.0,0.0
2020-12-09 22:00:00,0.0,0.0
2020-12-09 23:00:00,0.0,0.0
2020-12-10 00:00:00,0.0,0.0
2020-12-10 01:00:00,0.0,0.0
2020-12-10 02:00:00,0.0,0.0
2020-12-10 03:00:00,0.0,0.0
2020-12-10 04:00:00,0.0,0.0
2020-12-10 05:00:00,0.0,0.0
2020-12-10 06:00:00,0.0,0.0
2020-12-10 07:00:00,0.0,0.0
2020-12-10 08:00:00,0.0,0.0
2020-12-10 09:00:00,1.237027869306834,1.2224521115017932
2020-12-10 10:00:00,3.8302676938634175,3.8277459525906936
2020-12-10 11:00:00,4.02374280281309,3.967055726309116
2020-12-10 12:00:00,2.442652491372339,2.3935659142804817
2020-12-10 13:00:00,0.2087683688639529,0.20920594568068865
2020-12-10 14:00:00,0.0,0.0
2020-12-10 15:00:00,0.0,0.0
2020-12-10 16:00:00,0.0,0.0
2020-12-10 17:00:00,0.0,0.0
2020-12-10 18:00:00,0.0,0.0
2020-12-10 19:00:00,0.0,0.0
2020-12-10 20:00:00,0.0,0.0
2020-12-10 21:00:00,0.0,0.0
2020-12-10 22:00:00,0.0,0.0
2020-12-10 23:00:00,0.0,0.0
2020-12-11 00:00:00,0.0,0.0
2020-12-11 01:00:00,0.0,0.0
2020-12-11 02:00:00,0.0,0.0
2020-12-11 03:00:00,0.0,0.0
2020-12-11 04:00:00,0.0,0.0
2020-12-11 05:00:00,0.0,0.0
2020-12-11 06:00:00,0.0,0.0
2020-12-11 07:00:00,0.0,0.0
2020-12-11 08:00:00,0.0,0.0
2020-12-11 09:00:00,1.3065297063875765,1.2872597763942786
2020-12-11 10:00:00,3.5542505683581926,3.50696924624541
2020-12-11 11:00:00,4.216456526730027,4.1736597420749675
2020-12-11 12:00:00,2.483185952229917,2.466828299769881
2020-12-11 13:00:00,0.1210557430904366,0.11787623702874829
2020-12-11 14:00:00,0.0,0.0
2020-12-11 15:00:00,0.0,0.0
2020-12-11 16:00:00,0.0,0.0
2020-12-11 17:00:00,0.0,0.0
2020-12-11 18:00:00,0.0,0.0
2020-12-11 19:00:00,0.0,0.0
2020-12-11 20:00:00,0.0,0.0
2020-12-11 21:00:00,0.0,0.0
2020-12-11 22:00:00,0.0,0.0
2020-12-11 23:00:00,0.0,0.0
2020-12-12 00:00:00,0.0,0.0
2020-12-12 01:00:00,0.0,0.0
2020-12-12 02:00:00,0.0,0.0
2020-12-12 03:00:00,0.0,0.0
2020-12-12 04:00:00,0.0,0.0
2020-12-12 05:00:00,0.0,0.0
2020-12-12 06:00:00,0.0,0.0
2020-12-12 07:00:00,0.0,0.0
2020-12-12 08:00:00,0.0,0.0
2020-12-12 09:00:00,1.1360193653417572,1.1077600921871988
2020-12-12 10:00:00,3.286024554958608,3.21988070616987
2020-12-12 11:00:00,4.539051478780378,4.541459392447252
2020-12-12 12:00:00,2.378594657901046,2.361821547589427
2020-12-12 13:00:00,0.0858313553458767,0.0848554020763623
2020-12-12 14:00:00,0.0990440758262362,0.09611822387989162
2020-12-12 15:00:00,0.0,0.0
2020-12-12 16:00:00,0.0,0.0
2020-12-12 17:00:00,0.0,0.0
2020-12-12 18:00:00,0.0,0.0
2020-12-12 19:00:00,0.0,0.0
2020-12-12 20:00:00,0.0,0.0
2020-12-12 21:00:00,0.0,0.0
2020-12-12 22:00:00,0.0,0.0
2020-12-12 23:00:00,0.0,0.0
2020-12-13 00:00:00,0.0,0.0
2020-12-13 01:00:00,0.0,0.0
2020-12-13 02:00:00,0.0,0.0
2020-12-13 03:00:00,0.0,0.0
2020-12-13 04:00:00,0.0,0.0
2020-12-13 05:00:00,0.0,0.0
2020-12-13 06:00:00,0.0,0.0
2020-12-13 07:00:00,0.0,0.0
2020-12-13 08:00:00,0.0,0.0
2020-12-13 09:00:00,1.067290339659746,1.039430505001153
2020-12-13 10:00:00,3.4312485105019994,3.3217056203761848
2020-12-13 11:00:00,4.114432609851747,3.9928440443803783
2020-12-13 12:00:00,2.3964718307381023,2.3575805501446907
2020-12-13 13:00:00,0.1022991929555504,0.09897211228702917
2020-12-13 14:00:00,0.0,0.0
2020-12-13 15:00:00,0.0,0.0
2020-12-13 16:00:00,0.0,0.0
2020-12-13 17:00:00,0.0,0.0
2020-12-13 18:00:00,0.0,0.0
2020-12-13 19:00:00,0.0,0.0
2020-12-13 20:00:00,0.0,0.0
2020-12-13 21:00:00,0.0,0.0
2020-12-13 22:00:00,0.0,0.0
2020-12-13 23:00:00,0.0,0.0
2020-12-14 00:00:00,0.0,0.0
2020-12-14 01:00:00,0.0,0.0
2020-12-14 02:00:00,0.0,0.0
2020-12-14 03:00:00,0.0,0.0
2020-12-14 04:00:00,0.0,0.0
2020-12-14 05:00:00,0.0,0.0
2020-12-14 06:00:00,0.0,0.0
2020-12-14 07:00:00,0.0,0.0
2020-12-14 08:00:00,0.0,0.0
2020-12-14 09:00:00,1.0134837948394717,0.9857688508310589
2020-12-14 10:00:00,3.1667947245583603,3.1460448967201278
2020-12-14 11:00:00,3.9504021553079296,3.8948159347157953
2020-12-14 12:00:00,1.9196193408967164,1.8779677898147173
2020-12-14 13:00:00,0.076438157353685,0.0746489121604533
2020-12-14 14:00:00,0.0,0.0
2020-12-14 15:00:00,0.0691569954045406,0.06950784023446578
2020-12-14 16:00:00,0.0,0.0
2020-12-14 17:00:00,0.0,0.0
2020-12-14 18:00:00,0.0,0.0
2020-12-14 19:00:00,0.0,0.0
2020-12-14 20:00:00,0.0,0.0
2020-12-14 21:00:00,0.0,0.0
2020-12-14 22:00:00,0.0,0.0
2020-12-14 23:00:00,0.0,0.0
2020-12-15 00:00:00,0.0,0.0
2020-12-15 01:00:00,0.0,0.0
2020-12-15 02:00:00,0.0,0.0
2020-12-15 03:00:00,0.0,0.0
2020-12-15 04:00:00,0.0,0.0
2020-12-15 05:00:00,0.0,0.0
2020-12-15 06:00:00,0.0,0.0
2020-12-15 07:00:00,0.0,0.0
2020-12-15 08:00:00,0.0,0.0
2020-12-15 09:00:00,0.0,0.0
2020-12-15 10:00:00,0.6722702269616009,0.6734458741666668
2020-12-15 11:00:00,1.6965909741054592,1.6780991001622059
2020-12-15 12:00:00,0.608252899330173,0.6052374387471481
2020-12-15 13:00:00,0.0,0.0
2020-12-15 14:00:00,0.0,0.0
2020-12-15 15:00:00,0.0,0.0
2020-12-15 16:00:00,0.0,0.0
2020-12-15 17:00:00,0.0,0.0
2020-12-15 18:00:00,0.0,0.0
2020-12-15 19:00:00,0.0,0.0
2020-12-15 20:00:00,0.0,0.0
2020-12-15 21:00:00,0.0,0.0
2020-12-15 22:00:00,0.0,0.0
2020-12-15 23:00:00,0.0,0.0
2020-12-16 00:00:00,0.0,0.0
2020-12-16 01:00:00,0.0,0.0
2020-12-16 02:00:00,0.0,0.0
2020-12-16 03:00:00,0.0,0.0
2020-12-16 04:00:00,0.0,0.0
2020-12-16 05:00:00,0.0,0.0
2020-12-16 06:00:00,0.0,0.0
2020-12-16 07:00:00,0.0,0.0
2020-12-16 08:00:00,0.0,0.0
2020-12-16 09:00:00,0.0,0.0
2020-12-16 10:00:00,0.5146096279302711,0.5127419370821966
2020-12-16 11:00:00,0.0,0.0
2020-12-16 12:00:00,0.1517693056583657,0.1505979871054497
2020-12-16 13:00:00,0.0,0.0
2020-12-16 14:00:00,0.0,0.0
2020-12-16 15:00:00,0.0,0.0
2020-12-16 16:00:00,0.0,0.0
2020-12-16 17:00:00,0.0,0.0
2020-12-16 18:00:00,0.0,0.0
2020-12-16 19:00:00,0.0,0.0
2020-12-16 20:00:00,0.0,0.0
2020-12-16 21:00:00,0.0,0.0
2020-12-16 22:00:00,0.0,0.0
2020-12-16 23:00:00,0.0,0.0
2020-12-17 00:00:00,0.0,0.0
2020-12-17 01:00:00,0.0,0.0
2020-12-17 02:00:00,0.0,0.0
2020-12-17 03:00:00,0.0,0.0
2020-12-17 04:00:00,0.0,0.0
2020-12-17 05:00:00,0.0,0.0
2020-12-17 06:00:00,0.0,0.0
2020-12-17 07:00:00,0.0,0.0
2020-12-17 08:00:00,0.0,0.0
2020-12-17 09:00:00,0.7636314536483749,0.760504410908068
2020-12-17 10:00:00,2.607405195581262,2.5947734893108185
2020-12-17 11:00:00,2.562328158571148,2.5397394407183667
2020-12-17 12:00:00,1.381944844385305,1.3606302792992457
2020-12-17 13:00:00,0.0,0.0
2020-12-17 14:00:00,0.0,0.0
2020-12-17 15:00:00,0.0,0.0
2020-12-17 16:00:00,0.0,0.0
2020-12-17 17:00:00,0.0,0.0
2020-12-17 18:00:00,0.0,0.0
2020-12-17 19:00:00,0.0,0.0
2020-12-17 20:00:00,0.0,0.0
2020-12-17 21:00:00,0.0,0.0
2020-12-17 22:00:00,0.0,0.0
2020-12-17 23:00:00,0.0,0.0
2020-12-18 00:00:00,0.0,0.0
2020-12-18 01:00:00,0.0,0.0
2020-12-18 02:00:00,0.0,0.0
2020-12-18 03:00:00,0.0,0.0
2020-12-18 04:00:00,0.0,0.0
2020-12-18 05:00:00,0.0,0.0
2020-12-18 06:00:00,0.0,0.0
2020-12-18 07:00:00,0.0,0.0
2020-12-18 08:00:00,0.0,0.0
2020-12-18 09:00:00,0.769172468451684,0.7589849645879788
2020-12-18 10:00:00,2.880220356290615,2.8547938511022886
2020-12-18 11:00:00,3.441970081260289,3.42934393172536
2020-12-18 12:00:00,1.7682996530201858,1.7159076266496618
2020-12-18 13:00:00,0.2057326304499484,0.20019924996026475
2020-12-18 14:00:00,0.0,0.0
2020-12-18 15:00:00,0.0,0.0
2020-12-18 16:00:00,0.0,0.0
2020-12-18 17:00:00,0.0,0.0
2020-12-18 18:00:00,0.0,0.0
2020-12-18 19:00:00,0.0,0.0
2020-12-18 20:00:00,0.0,0.0
2020-12-18 21:00:00,0.0,0.0
2020-12-18 22:00:00,0.0,0.0
2020-12-18 23:00:00,0.0,0.0
2020-12-19 00:00:00,0.0,0.0
2020-12-19 01:00:00,0.0,0.0
2020-12-19 02:00:00,0.0,0.0
2020-12-19 03:00:00,0.0,0.0
2020-12-19 04:00:00,0.0,0.0
2020-12-19 05:00:00,0.0,0.0
2020-12-19 06:00:00,0.0,0.0
2020-12-19 07:00:00,0.0,0.0
2020-12-19 08:00:00,0.0,0.0
2020-12-19 09:00:00,0.5047486863461665,0.5038986627169108
2020-12-19 10:00:00,2.5875803260815844,2.585411423224291
2020-12-19 11:00:00,2.838291793830622,2.852508032392622
2020-12-19 12:00:00,1.6733279050845489,1.6731693524713562
2020-12-19 13:00:00,0.0,0.0
2020-12-19 14:00:00,0.0618366795056893,0.05972049524114278
2020-12-19 15:00:00,0.0,0.0
2020-12-19 16:00:00,0.0,0.0
2020-12-19 17:00:00,0.0,0.0
2020-12-19 18:00:00,0.0,0.0
2020-12-19 19:00:00,0.0,0.0
2020-12-19 20:00:00,0.0,0.0
2020-12-19 21:00:00,0.0,0.0
2020-12-19 22:00:00,0.0,0.0
2020-12-19 23:00:00,0.0,0.0
2020-12-20 00:00:00,0.0,0.0
2020-12-20 01:00:00,0.0,0.0
2020-12-20 02:00:00,0.0,0.0
2020-12-20 03:00:00,0.0,0.0
2020-12-20 04:00:00,0.0,0.0
2020-12-20 05:00:00,0.0,0.0
2020-12-20 06:00:00,0.0,0.0
2020-12-20 07:00:00,0.0,0.0
2020-12-20 08:00:00,0.0,0.0
2020-12-20 09:00:00,0.6874179167845093,0.6874675607231451
2020-12-20 10:00:00,3.01277565245294,3.0176905465021466
2020-12-20 11:00:00,3.5818158746493274,3.581920767999849
2020-12-20 12:00:00,2.093842534063593,2.071598596228302
2020-12-20 13:00:00,0.14599527865731,0.1447178058547869
2020-12-20 14:00:00,0.0,0.0
2020-12-20 15:00:00,0.0,0.0
2020-12-20 16:00:00,0.0,0.0
2020-12-20 17:00:00,0.0,0.0
2020-12-20 18:00:00,0.0,0.0
2020-12-20 19:00:00,0.0,0.0
2020-12-20 20:00:00,0.0,0.0
2020-12-20 21:00:00,0.0,0.0
2020-12-20 22:00:00,0.0,0.0
2020-12-20 23:00:00,0.0,0.0
2020-12-21 00:00:00,0.0,0.0
2020-12-21 01:00:00,0.0,0.0
2020-12-21 02:00:00,0.0,0.0
2020-12-21 03:00:00,0.0,0.0
2020-12-21 04:00:00,0.0,0.0
2020-12-21 05:00:00,0.0,0.0
2020-12-21 06:00:00,0.0,0.0
2020-12-21 07:00:00,0.0,0.0
2020-12-21 08:00:00,0.0,0.0
2020-12-21 09:00:00,0.6076561770745299,0.6043772366069269
2020-12-21 10:00:00,1.437453526954937,1.4089321948181948
2020-12-21 11:00:00,1.485482498328566,1.4691233805742285
2020-12-21 12:00:00,0.4985919563874664,0.4876076050166038
2020-12-21 13:00:00,0.0696628446224238,0.07019564186519364
2020-12-21 14:00:00,0.3040772164761648,0.29575955416489635
2020-12-21 15:00:00,0.0,0.0
2020-12-21 16:00:00,0.0,0.0
2020-12-21 17:00:00,0.0,0.0
2020-12-21 18:00:00,0.0,0.0
2020-12-21 19:00:00,0.0,0.0
2020-12-21 20:00:00,0.0,0.0
2020-12-21 21:00:00,0.0,0.0
2020-12-21 22:00:00,0.0,0.0
2020-12-21 23:00:00,0.0,0.0
2020-12-22 00:00:00,0.0,0.0
2020-12-22 01:00:00,0.0,0.0
2020-12-22 02:00:00,0.0,0.0
2020-12-22 03:00:00,0.0,0.0
2020-12-22 04:00:00,0.0,0.0
2020-12-22 05:00:00,0.0,0.0
2020-12-22 06:00:00,0.0,0.0
2020-12-22 07:00:00,0.0,0.0
2020-12-22 08:00:00,0.0,0.0
2020-12-22 09:00:00,0.4401893915907209,0.4396053985314935
2020-12-22 10:00:00,0.7295628831775354,0.7263620416365633
2020-12-22 11:00:00,0.8389450003193772,0.8313498527451881
2020-12-22 12:00:00,0.3816408613975202,0.38040079406734123
2020-12-22 13:00:00,0.0,0.0
2020-12-22 14:00:00,0.2175652814227898,0.2136223284758758
2020-12-22 15:00:00,0.0,0.0
2020-12-22 16:00:00,0.0,0.0
2020-12-22 17:00:00,0.0,0.0
2020-12-22 18:00:00,0.0,0.0
2020-12-22 19:00:00,0.0,0.0
2020-12-22 20:00:00,0.0,0.0
2020-12-22 21:00:00,0.0,0.0
2020-12-22 22:00:00,0.0,0.0
2020-12-22 23:00:00,0.0,0.0
2020-12-23 00:00:00,0.0,0.0
2020-12-23 01:00:00,0.0,0.0
2020-12-23 02:00:00,0.0,0.0
2020-12-23 03:00:00,0.0,0.0
2020-12-23 04:00:00,0.0,0.0
2020-12-23 05:00:00,0.0,0.0
2020-12-23 06:00:00,0.0,0.0
2020-12-23 07:00:00,0.0,0.0
2020-12-23 08:00:00,0.0,0.0
2020-12-23 09:00:00,0.1265869614200633,0.1269639281237598
2020-12-23 10:00:00,1.2847367567082657,1.2745910864841203
2020-12-23 11:00:00,1.58637942952716,1.5923683469707228
2020-12-23 12:00:00,0.6181472343958796,0.6169084855642116
2020-12-23 13:00:00,0.0,0.0
2020-12-23 14:00:00,0.0,0.0
2020-12-23 15:00:00,0.0,0.0
2020-12-23 16:00:00,0.0,0.0
2020-12-23 17:00:00,0.0,0.0
2020-12-23 18:00:00,0.0,0.0
2020-12-23 19:00:00,0.0,0.0
2020-12-23 20:00:00,0.0,0.0
2020-12-23 21:00:00,0.0,0.0
2020-12-23 22:00:00,0.0,0.0
2020-12-23 23:00:00,0.0,0.0
2020-12-24 00:00:00,0.0,0.0
2020-12-24 01:00:00,0.0,0.0
2020-12-24 02:00:00,0.0,0.0
2020-12-24 03:00:00,0.0,0.0
2020-12-24 04:00:00,0.0,0.0
2020-12-24 05:00:00,0.0,0.0
2020-12-24 06:00:00,0.0,0.0
2020-12-24 07:00:00,0.0,0.0
2020-12-24 08:00:00,0.0,0.0
2020-12-24 09:00:00,0.5068973927691434,0.4914925440210595
2020-12-24 10:00:00,2.333327339209713,2.300774954312348
2020-12-24 11:00:00,3.640458995204835,3.6112700355248473
2020-12-24 12:00:00,0.7863629304610015,0.7702847206458283
2020-12-24 13:00:00,0.0,0.0
2020-12-24 14:00:00,0.0,0.0
2020-12-24 15:00:00,0.0,0.0
2020-12-24 16:00:00,0.0,0.0
2020-12-24 17:00:00,0.0,0.0
2020-12-24 18:00:00,0.0,0.0
2020-12-24 19:00:00,0.0,0.0
2020-12-24 20:00:00,0.0,0.0
2020-12-24 21:00:00,0.0,0.0
2020-12-24 22:00:00,0.0,0.0
2020-12-24 23:00:00,0.0,0.0
2020-12-25 00:00:00,0.0,0.0
2020-12-25 01:00:00,0.0,0.0
2020-12-25 02:00:00,0.0,0.0
2020-12-25 03:00:00,0.0,0.0
2020-12-25 04:00:00,0.0,0.0
2020-12-25 05:00:00,0.0,0.0
2020-12-25 06:00:00,0.0,0.0
2020-12-25 07:00:00,0.0,0.0
2020-12-25 08:00:00,0.0,0.0
2020-12-25 09:00:00,0.6090414258860242,0.5931721816697358
2020-12-25 10:00:00,3.111577835516083,3.044801800071639
2020-12-25 11:00:00,3.6516974827113735,3.595747307636228
2020-12-25 12:00:00,1.9198127246066743,1.8793299372516927
2020-12-25 13:00:00,0.0,0.0
2020-12-25 14:00:00,0.0,0.0
2020-12-25 15:00:00,0.0600389592724987,0.05774582720567041
2020-12-25 16:00:00,0.0,0.0
2020-12-25 17:00:00,0.0,0.0
2020-12-25 18:00:00,0.0,0.0
2020-12-25 19:00:00,0.0,0.0
2020-12-25 20:00:00,0.0,0.0
2020-12-25 21:00:00,0.0,0.0
2020-12-25 22:00:00,0.0,0.0
2020-12-25 23:00:00,0.0,0.0
2020-12-26 00:00:00,0.0,0.0
2020-12-26 01:00:00,0.0,0.0
2020-12-26 02:00:00,0.0,0.0
2020-12-26 03:00:00,0.0,0.0
2020-12-26 04:00:00,0.0,0.0
2020-12-26 05:00:00,0.0,0.0
2020-12-26 06:00:00,0.0,0.0
2020-12-26 07:00:00,0.0,0.0
2020-12-26 08:00:00,0.0,0.0
2020-12-26 09:00:00,0.0,0.0
2020-12-26 10:00:00,0.4256529452673994,0.417227704169212
2020-12-26 11:00:00,0.7553936501831556,0.7374311990991178
2020-12-26 12:00:00,1.1774443649059183,1.1654149491973478
2020-12-26 13:00:00,0.2761874846174183,0.27153900989531143
2020-12-26 14:00:00,0.0,0.0
2020-12-26 15:00:00,0.0,0.0
2020-12-26 16:00:00,0.0,0.0
2020-12-26 17:00:00,0.0,0.0
2020-12-26 18:00:00,0.0,0.0
2020-12-26 19:00:00,0.0,0.0
2020-12-26 20:00:00,0.0,0.0
2020-12-26 21:00:00,0.0,0.0
2020-12-26 22:00:00,0.0,0.0
2020-12-26 23:00:00,0.0,0.0
2020-12-27 00:00:00,0.0,0.0
2020-12-27 01:00:00,0.0,0.0
2020-12-27 02:00:00,0.0,0.0
2020-12-27 03:00:00,0.0,0.0
2020-12-27 04:00:00,0.0,0.0
2020-12-27 05:00:00,0.0,0.0
2020-12-27 06:00:00,0.0,0.0
2020-12-27 07:00:00,0.0,0.0
2020-12-27 08:00:00,0.0,0.0
2020-12-27 09:00:00,0.1751621545034616,0.17008526970995583
2020-12-27 10:00:00,1.6830748930472204,1.6730120748149242
2020-12-27 11:00:00,1.951959452762673,1.948614614718905
2020-12-27 12:00:00,1.324371659145701,1.3093341929632571
2020-12-27 13:00:00,0.0,0.0
2020-12-27 14:00:00,0.0697896388182688,0.07003057554607536
2020-12-27 15:00:00,0.0,0.0
2020-12-27 16:00:00,0.0,0.0
2020-12-27 17:00:00,0.0,0.0
2020-12-27 18:00:00,0.0,0.0
2020-12-27 19:00:00,0.0,0.0
2020-12-27 20:00:00,0.0,0.0
2020-12-27 21:00:00,0.0,0.0
2020-12-27 22:00:00,0.0,0.0
2020-12-27 23:00:00,0.0,0.0
2020-12-28 00:00:00,0.0,0.0
2020-12-28 01:00:00,0.0,0.0
2020-12-28 02:00:00,0.0,0.0
2020-12-28 03:00:00,0.0,0.0
2020-12-28 04:00:00,0.0,0.0
2020-12-28 05:00:00,0.0,0.0
2020-12-28 06:00:00,0.0,0.0
2020-12-28 07:00:00,0.0,0.0
2020-12-28 08:00:00,0.0,0.0
2020-12-28 09:00:00,0.5591085765574427,0.5515204708202134
2020-12-28 10:00:00,2.578522110470709,2.552420703144834
2020-12-28 11:00:00,3.2350222322484967,3.2096916019357695
2020-12-28 12:00:00,1.5270119598945635,1.5139503750657364
2020-12-28 13:00:00,0.0,0.0
2020-12-28 14:00:00,0.0,0.0
2020-12-28 15:00:00,0.0,0.0
2020-12-28 16:00:00,0.0,0.0
2020-12-28 17:00:00,0.0,0.0
2020-12-28 18:00:00,0.0,0.0
2020-12-28 19:00:00,0.0,0.0
2020-12-28 20:00:00,0.0,0.0
2020-12-28 21:00:00,0.0,0.0
2020-12-28 22:00:00,0.0,0.0
2020-12-28 23:00:00,0.0,0.0
2020-12-29 00:00:00,0.0,0.0
2020-12-29 01:00:00,0.0,0.0
2020-12-29 02:00:00,0.0,0.0
2020-12-29 03:00:00,0.0,0.0
2020-12-29 04:00:00,0.0,0.0
2020-12-29 05:00:00,0.0,0.0
2020-12-29 06:00:00,0.0,0.0
2020-12-29 07:00:00,0.0,0.0
2020-12-29 08:00:00,0.0,0.0
2020-12-29 09:00:00,0.6724217503151237,0.6688944302890708
2020-12-29 10:00:00,2.9034232197968493,2.8661736717377773
2020-12-29 11:00:00,2.9680200397984278,2.9515169951492375
2020-12-29 12:00:00,1.1050684458337543,1.1013377871159862
2020-12-29 13:00:00,0.1222867727325044,0.12021420580707921
2020-12-29 14:00:00,0.0,0.0
2020-12-29 15:00:00,0.0,0.0
2020-12-29 16:00:00,0.0,0.0
2020-12-29 17:00:00,0.0,0.0
2020-12-29 18:00:00,0.0,0.0
2020-12-29 19:00:00,0.0,0.0
2020-12-29 20:00:00,0.0,0.0
2020-12-29 21:00:00,0.0,0.0
2020-12-29 22:00:00,0.0,0.0
2020-12-29 23:00:00,0.0,0.0
2020-12-30 00:00:00,0.0,0.0
2020-12-30 01:00:00,0.0,0.0
2020-12-30 02:00:00,0.0,0.0
2020-12-30 03:00:00,0.0,0.0
2020-12-30 04:00:00,0.0,0.0
2020-12-30 05:00:00,0.0,0.0
2020-12-30 06:00:00,0.0,0.0
2020-12-30 07:00:00,0.0,0.0
2020-12-30 08:00:00,0.0,0.0
2020-12-30 09:00:00,0.7173383089629969,0.7099801376444966
2020-12-30 10:00:00,2.870562222451825,2.8530797053370294
2020-12-30 11:00:00,3.106547083086461,3.085262481064768
2020-12-30 12:00:00,2.308325376243297,2.2804986506855442
2020-12-30 13:00:00,0.2326849452493819,0.22861731464857457
2020-12-30 14:00:00,0.0616435993383288,0.05958190332121363
2020-12-30 15:00:00,0.0,0.0
2020-12-30 16:00:00,0.0,0.0
2020-12-30 17:00:00,0.0,0.0
2020-12-30 18:00:00,0.0,0.0
2020-12-30 19:00:00,0.0,0.0
2020-12-30 20:00:00,0.0,0.0
2020-12-30 21:00:00,0.0,0.0
2020-12-30 22:00:00,0.0,0.0
2020-12-30 23:00:00,0.0,0.0
2020-12-31 00:00:00,0.0,0.0
2020-12-31 01:00:00,0.0,0.0
2020-12-31 02:00:00,0.0,0.0
2020-12-31 03:00:00,0.0,0.0
2020-12-31 04:00:00,0.0,0.0
2020-12-31 05:00:00,0.0,0.0
2020-12-31 06:00:00,0.0,0.0
2020-12-31 07:00:00,0.0,0.0
2020-12-31 08:00:00,0.0,0.0
2020-12-31 09:00:00,0.3866786232974272,0.3782288319137902
2020-12-31 10:00:00,1.7445237276612324,1.7038558768036083
2020-12-31 11:00:00,2.1954666845237307,2.180769167032373
2020-12-31 12:00:00,1.3281942607075263,1.3047732339365816
2020-12-31 13:00:00,0.2057918706363199,0.20014971420203628
2020-12-31 14:00:00,0.0,0.0
2020-12-31 15:00:00,0.05608086961246,0.015036306538978455
2020-12-31 16:00:00,0.0,0.0
2020-12-31 17:00:00,0.0,0.0
2020-12-31 18:00:00,0.0,0.0
2020-12-31 19:00:00,0.0,0.0
2020-12-31 20:00:00,0.0,0.0
2020-12-31 21:00:00,0.0,0.0
2020-12-31 22:00:00,0.0,0.0
2020-12-31 23:00:00,0.0,0.0
